ISBN, Title, Author
"101, The Elegant Universe, Brian Greene",,
"102, The Structure of Scientific Revolutions, Thomas S. Kuhn",,
"103, The Making of the Atomic Bomb, Richard Rhodes",,
"104, The Information: A History, a Theory, a Flood, James Gleick",,
"105, Guns, Germs, and Steel, Jared Diamond",,
"106, A Brief History of Time, Stephen Hawking",,
"107, The Sixth Extinction, Elizabeth Kolbert",,
"108, The Innovators, Walter Isaacson",,
"109, The Origin of Species, Charles Darwin",,
"110, Longitude, Dava Sobel",,
"111, Sapiens: A Brief History of Humankind, Yuval Noah Harari",,
"112, The Ghost Map, Steven Johnson",,
"113, The Shallows, Nicholas Carr",,
"114, The Botany of Desire, Michael Pollan",,
"115, The Hot Zone, Richard Preston",,
"116, The Four Horsemen, Emily Mayhew",,
"117, The Medieval Machine, Jean Gimpel",,
"118, Chaos, James Gleick",,
"119, The Gene, Siddhartha Mukherjee",,
"120, The Swerve, Stephen Greenblatt",,
"121, The Master Switch, Tim Wu",,
"122, The Immortal Life of Henrietta Lacks, Rebecca Skloot",,
"123, The Magic of Reality, Richard Dawkins",,
"124, The Code Book, Simon Singh",,
"125, The Age of Revolution, Eric Hobsbawm",,
"126, The Wisdom of Crowds, James Surowiecki",,
"127, Astrophysics for People in a Hurry, Neil deGrasse Tyson",,
"128, The Gutenberg Galaxy, Marshall McLuhan",,
"129, The Rise and Fall of the Dinosaurs, Steve Brusatte",,
"130, The Box, Marc Levinson",,
"131, The Great Influenza, John M. Barry",,
"132, The Discoverers, Daniel J. Boorstin",,
"133, The Hidden Life of Trees, Peter Wohlleben",,
"134, The History of the Ancient World, Susan Wise Bauer",,
"135, The War that Ended Peace, Margaret MacMillan",,
"136, The Victorian Internet, Tom Standage",,
"137, The Big Short, Michael Lewis",,
"138, The Map That Changed the World, Simon Winchester",,
"139, The Code Breaker, Walter Isaacson",,
"140, The Wealth and Poverty of Nations, David S. Landes",,
"141, The Selfish Gene, Richard Dawkins",,
"142, The Epic of Gilgamesh, Anonymous (trans. Andrew George)",,
"143, The World Without Us, Alan Weisman",,
"144, The Lost City of Z, David Grann",,
"145, The Professor and the Madman, Simon Winchester",,
"146, The Idea Factory, Jon Gertner",,
"147, The Silk Roads, Peter Frankopan",,
"148, The Invention of Nature, Andrea Wulf",,
"149, The Roman Revolution, Ronald Syme",,
"150, The Checklist Manifesto, Atul Gawande",,
"151, The Places in Between, Rory Stewart",,
"152, The Poisoner's Handbook, Deborah Blum",,
"153, The Great War for Civilisation, Robert Fisk",,
"154, The Making of the English Working Class, E.P. Thompson",,
"155, The Precipice, Toby Ord",,
"156, The Man Who Changed Everything, Basil Mahon",,
"157, The Age of Wonder, Richard Holmes",,
"158, The Chalice and the Blade, Riane Eisler",,
"159, The Martian, Andy Weir",,
"160, The Collector of Lost Things, Jeremy Page",,
"161, The Oxford History of the Twentieth Century, Michael Howard",,
"162, The Dancing Wu Li Masters, Gary Zukav",,
"163, The Lost History of the Aztecs, Inga Clendinnen",,
"164, The Unthinkable, Amanda Ripley",,
"165, The Creation of the Media, Paul Starr",,
"166, The Quark and the Jaguar, Murray Gell-Mann",,
"167, The British Empire, Niall Ferguson",,
"168, The Trouble with Physics, Lee Smolin",,
"169, The Crusades Through Arab Eyes, Amin Maalouf",,
"170, The Language Instinct, Steven Pinker",,
"171, The Thirty Years' War, C.V. Wedgwood",,
"172, The Better Angels of Our Nature, Steven Pinker",,
"173, The Fabric of Reality, David Deutsch",,
"174, The Reason for Flowers, Stephen Buchmann",,
"175, The Spanish Civil War, Hugh Thomas",,
"176, The Future of Humanity, Michio Kaku",,
"177, The Power of Place, Harm de Blij",,
"178, The Cold War, John Lewis Gaddis",,
"179, The Forgotten Revolution, Lucio Russo",,
"180, The Demon-Haunted World, Carl Sagan",,
"181, The Ascent of Money, Niall Ferguson",,
"182, The Little Ice Age, Brian Fagan",,
"183, The Sleepwalkers, Christopher Clark",,
"184, The Hidden Reality, Brian Greene",,
"185, The Story of Philosophy, Will Durant",,
"186, The Big Necessity, Rose George",,
"187, The First World War, John Keegan",,
"188, The Science of Evil, Simon Baron-Cohen",,
"189, The Worldly Philosophers, Robert L. Heilbroner",,
"190, The Crisis of the European Mind, Paul Hazard",,
"191, The Gulag Archipelago, Aleksandr Solzhenitsyn",,
"192, The Fall of the Roman Empire, Peter Heather",,
"193, The End of History and the Last Man, Francis Fukuyama",,
"194, The Drunken Botanist, Amy Stewart",,
"195, The Universe in a Nutshell, Stephen Hawking",,
"196, The Second World War, Antony Beevor",,
"197, The Tipping Point, Malcolm Gladwell",,
"198, The Middle Ages, Johannes Fried",,
"199, The Signal and the Noise, Nate Silver",,
"200, The Calculus Wars, Jason Socrates Bardi",,
